WKT,name,description
"POLYGON ((103.901779 1.3512853, 103.9017575 1.3467805, 103.9011567 1.3447425, 103.9008778 1.3428333, 103.9028733 1.3420182, 103.9115851 1.3623329, 103.9189451 1.3786146, 103.916456 1.3790651, 103.9145248 1.3771774, 103.9087956 1.3637916, 103.9058345 1.3623758, 103.9015856 1.3518073, 103.901779 1.3512853))",Red,
"POLYGON ((103.8962133 1.3492719, 103.8959129 1.3485426, 103.9012559 1.3462258, 103.9015348 1.3470624, 103.8962133 1.3492719))",Orange,
